Horizon,Model,MSE
96,LSTM,0.12217055011630501
96,Transformer,0.3643721545007985
96,Autoformer,0.3348925784644921
192,LSTM,0.15080947150934987
192,Transformer,0.37836501399861344
192,Autoformer,0.3723873608926339
336,LSTM,0.18999873957616012
336,Transformer,0.37355292761056436
336,Autoformer,0.41307163724005785
